{
  "$schema": "https://schema.management.azure.com/schemas/2019-04-01/deploymentParameters.json#",
  "contentVersion": "1.0.0.0",
  "parameters": {
    "azureBotId": {
      "value": "ContsoCustomerService"
    },
    "azureBotSku": {
      "value": "S1"
    },
    "azureBotRegion": {
      "value": "global"
    },
    "botEndpoint": {
      "value": "https://InfinionApp.azurewebsites.net/api/messages"
    },
    "appType": {
      "value": "MultiTenant"
    },
    "appId": {
      "value": "cc104682-eac4-4041-b0cb-1212f99cc46e"
    },
    "UMSIName": {
      "value": ""
    },
    "UMSIResourceGroupName": {
      "value": ""
    },
    "tenantId": {
      "value": ""
    }
  }
}